{
    "avg_reward": 490.14901125783626,
    "avg_balance": 1143247.0006570658,
    "avg_sharpe": 0,
    "final_balances": [
        1143247.0006570655,
        1143247.0006570655,
        1143247.0006570655,
        1143247.0006570655,
        1143247.0006570655,
        1143247.0006570655,
        1143247.0006570655,
        1143247.0006570655,
        1143247.0006570655,
        1143247.0006570655,
        1143247.0006570655,
        1143247.0006570655,
        1143247.0006570655,
        1143247.0006570655,
        1143247.0006570655,
        1143247.0006570655,
        1143247.0006570655,
        1143247.0006570655,
        1143247.0006570655,
        1143247.0006570655
    ],
    "best_balance": 1143247.0006570655,
    "worst_balance": 1143247.0006570655
}