{
    "avg_reward": 0.16716289022877098,
    "avg_balance": 1181946.7772097245,
    "final_balances": [
        1181946.7772097243,
        1181946.7772097243,
        1181946.7772097243,
        1181946.7772097243,
        1181946.7772097243,
        1181946.7772097243,
        1181946.7772097243,
        1181946.7772097243,
        1181946.7772097243,
        1181946.7772097243
    ],
    "best_balance": 1181946.7772097243,
    "worst_balance": 1181946.7772097243
}